,KAN,COL,TEC,PEN,RIF,LNZ,CAZ,AMK,CLI,AMX,AMP,ERY,AZM,CZO,FOS,VAN,TMP,TOB,MFX,OXA
E. coli,,0.0,100.0,100.0,100.0,100.0,2.391304347826087,0.0,100.0,50.0,50.0,100.0,100.0,2.4390243902439024,0.0,100.0,39.141414141414145,2.5974025974025974,100.0,
S. cons.,100.0,100.0,6.25,77.55102040816327,4.761904761904762,0.0,100.0,100.0,33.52272727272727,92.95774647887323,92.95774647887323,44.08945686900959,44.08945686900959,47.91666666666667,93.75,0.3289473684210526,41.44736842105263,78.18181818181819,53.84615384615385,54.83870967741935
S. aureus,,100.0,0.0,80.92105263157895,0.0,0.0,100.0,,5.960264900662252,93.89312977099237,93.89312977099237,8.936170212765958,8.936170212765958,0.0,0.0,0.0,8.38709677419355,2.3255813953488373,2.1739130434782608,0.0
S. epidermidis,100.0,100.0,64.1025641025641,89.42307692307693,2.73972602739726,0.0,100.0,100.0,37.5,98.9010989010989,98.9010989010989,53.75722543352601,53.75722543352601,50.0,21.875,0.0,58.47457627118644,49.43820224719101,0.0,50.0
S. pneumoniae,100.0,100.0,,0.0,,,100.0,100.0,6.451612903225806,0.0,0.0,7.758620689655173,7.758620689655173,0.0,,0.0,17.894736842105264,100.0,,8.333333333333332
PHY_HMNS,100.0,100.0,6.779661016949152,65.0,0.0,0.0,100.0,100.0,29.411764705882355,100.0,100.0,40.74074074074074,40.74074074074074,,100.0,0.0,57.89473684210527,14.516129032258066,0.0,39.6551724137931
K. pneumoniae,,5.88235294117647,100.0,100.0,100.0,100.0,5.172413793103448,0.0,100.0,100.0,100.0,100.0,100.0,12.5,12.5,100.0,18.367346938775512,10.344827586206897,,
TRC_FCLS,100.0,100.0,0.0,,,0.0,100.0,100.0,100.0,0.0,0.0,100.0,100.0,100.0,,0.0,100.0,100.0,,
